{"Train Loss": 0.7579793184995651, "_runtime": 8, "_timestamp": 1616584582, "_step": 1, "Examples": {"_type": "images/separated", "width": 150, "height": 150, "format": "png", "count": 5, "captions": ["Pred: 0", "Pred: 0", "Pred: 0", "Pred: 0", "Pred: 0"]}, "Test Error": 0.35185185185185186, "Test Loss": 1.0225125551223755}