{"Train Loss": 0.07266968255862594, "_runtime": 39, "_timestamp": 1616562102, "_step": 19, "Examples": {"_type": "images/separated", "width": 150, "height": 150, "format": "png", "count": 1, "captions": ["Pred: 0"]}, "Valid Error": 0.043478260869565216, "Valid Loss": 0.07591390609741211}