{"Train Loss": 0.06596006592735648, "_runtime": 532, "_timestamp": 1616585186, "_step": 199, "Examples": {"_type": "images/separated", "width": 150, "height": 150, "format": "png", "count": 5, "captions": ["Pred: 0", "Pred: 1", "Pred: 0", "Pred: 1", "Pred: 1"]}, "Test Error": 0.3148148148148148, "Test Loss": 1.6244237422943115}