{"Train Loss": 0.3841087892651558, "_runtime": 47, "_timestamp": 1616566237, "_step": 17, "Examples": {"_type": "images/separated", "width": 150, "height": 150, "format": "png", "count": 1, "captions": ["Pred: 0"]}, "Valid Error": 0.21739130434782608, "Valid Loss": 0.4940487742424011}