{"Train Loss": 0.13133198022842407, "_runtime": 47, "_timestamp": 1616560958, "_step": 19, "Examples": {"_type": "images/separated", "width": 150, "height": 150, "format": "png", "count": 1, "captions": ["Pred: 0"]}, "Valid Error": 0.125, "Valid Loss": 0.5522307753562927}