{"Train Loss": 0.36445244029164314, "_runtime": 49, "_timestamp": 1616565088, "_step": 19, "Examples": {"_type": "images/separated", "width": 150, "height": 150, "format": "png", "count": 1, "captions": ["Pred: 0"]}, "Valid Error": 0.041666666666666664, "Valid Loss": 0.27928727865219116}