{"Train Loss": 0.205589160323143, "_runtime": 51, "_timestamp": 1616560905, "_step": 19, "Examples": {"_type": "images/separated", "width": 150, "height": 150, "format": "png", "count": 1, "captions": ["Pred: 0"]}, "Valid Error": 0.08333333333333333, "Valid Loss": 0.21408139169216156}