{"Train Loss": 0.27421705424785614, "_runtime": 47, "_timestamp": 1616564932, "_step": 19, "Examples": {"_type": "images/separated", "width": 150, "height": 150, "format": "png", "count": 1, "captions": ["Pred: 0"]}, "Valid Error": 0.125, "Valid Loss": 0.3100740611553192}