{"Train Loss": 0.4103159233927727, "_runtime": 47, "_timestamp": 1616565036, "_step": 19, "Examples": {"_type": "images/separated", "width": 150, "height": 150, "format": "png", "count": 1, "captions": ["Pred: 0"]}, "Valid Error": 0.08333333333333333, "Valid Loss": 0.23364166915416718}